id,center,x,y
1,1,22.232732,113.509748
25,0,22.232552,113.508703
26,0,22.232698,113.509197
27,0,22.232493,113.509601
28,0,22.232209,113.509462
29,0,22.232284,113.510095
30,0,22.233108,113.508887
31,0,22.233087,113.509233
32,0,22.232916,113.509471
33,0,22.232694,113.510216
34,0,22.233221,113.509956
35,0,22.233397,113.508698
36,0,22.231996,113.509273
37,0,22.23215,113.509659
38,0,22.231891,113.509637
39,0,22.231891,113.50917
40,0,22.231544,113.509592
41,0,22.231406,113.509331
42,0,22.231398,113.509138
43,0,22.231264,113.509039
44,0,22.231239,113.509201
45,0,22.231201,113.509713
46,0,22.231021,113.508932
47,0,22.231874,113.509848
48,0,22.230975,113.509313
49,0,22.23195,113.509399
