id,center,x,y
0,1,22.228566,113.505226
1,0,22.227705,113.505082
2,0,22.228073,113.504786
3,0,22.228575,113.504418
4,0,22.229077,113.50484
5,0,22.229436,113.504463
6,0,22.229779,113.504759
7,0,22.22911,113.505235
8,0,22.228642,113.50581
9,0,22.22824,113.505666
10,0,22.229311,113.505855
11,0,22.22804,113.505325
12,0,22.230574,113.506124
13,0,22.230507,113.506843
14,0,22.228766,113.505576
15,0,22.231285,113.50616
16,0,22.231628,113.506672
17,0,22.231276,113.507409
18,0,22.231101,113.507723
19,0,22.230733,113.507562
20,0,22.229729,113.506735
21,0,22.231352,113.506124
